,pclass,sex,age,sibsp,parch,fare,embarked
0,1st,female,29.0,0,0,211.3375,S
1,1st,male,0.9167,1,2,151.55,S
2,1st,female,2.0,1,2,151.55,S
3,1st,male,30.0,1,2,151.55,S
4,1st,female,25.0,1,2,151.55,S
5,1st,male,48.0,0,0,26.55,S
6,1st,female,63.0,1,0,77.9583,S
7,1st,male,39.0,0,0,0.0,S
8,1st,female,53.0,2,0,51.4792,S
9,1st,male,71.0,0,0,49.5042,C
10,1st,male,47.0,1,0,227.525,C
11,1st,female,18.0,1,0,227.525,C
12,1st,female,24.0,0,0,69.3,C
13,1st,female,26.0,0,0,78.85,S
14,1st,male,80.0,0,0,30.0,S
15,1st,male,28.0,0,0,25.925,S
16,1st,male,24.0,0,1,247.5208,C
17,1st,female,50.0,0,1,247.5208,C
18,1st,female,32.0,0,0,76.2917,C
19,1st,male,36.0,0,0,75.2417,C
20,1st,male,37.0,1,1,52.5542,S
21,1st,female,47.0,1,1,52.5542,S
22,1st,male,26.0,0,0,30.0,C
23,1st,female,42.0,0,0,227.525,C
24,1st,female,29.0,0,0,221.7792,S
25,1st,male,25.0,0,0,26.0,C
26,1st,male,25.0,1,0,91.0792,C
27,1st,female,19.0,1,0,91.0792,C
28,1st,female,35.0,0,0,135.6333,S
29,1st,male,28.0,0,0,26.55,S
30,1st,male,45.0,0,0,35.5,S
31,1st,male,40.0,0,0,31.0,C
32,1st,female,30.0,0,0,164.8667,S
33,1st,female,58.0,0,0,26.55,S
34,1st,male,42.0,0,0,26.55,S
35,1st,female,45.0,0,0,262.375,C
36,1st,female,22.0,0,1,55.0,S
37,1st,male,28.0,0,0,26.55,S
38,1st,male,41.0,0,0,30.5,S
39,1st,male,48.0,0,0,50.4958,C
40,1st,male,28.0,0,0,39.6,C
41,1st,female,44.0,0,0,27.7208,C
42,1st,female,59.0,2,0,51.4792,S
43,1st,female,60.0,0,0,76.2917,C
44,1st,female,41.0,0,0,134.5,C
45,1st,male,45.0,0,0,26.55,S
46,1st,male,28.0,0,0,31.0,S
47,1st,male,42.0,0,0,26.2875,S
48,1st,female,53.0,0,0,27.4458,C
49,1st,male,36.0,0,1,512.3292,C
50,1st,female,58.0,0,1,512.3292,C
51,1st,male,33.0,0,0,5.0,S
52,1st,male,28.0,0,0,47.1,S
53,1st,male,17.0,0,0,47.1,S
54,1st,male,11.0,1,2,120.0,S
55,1st,female,14.0,1,2,120.0,S
56,1st,male,36.0,1,2,120.0,S
57,1st,female,36.0,1,2,120.0,S
58,1st,male,49.0,0,0,26.0,S
59,1st,female,28.0,0,0,27.7208,C
60,1st,male,36.0,1,0,78.85,S
61,1st,female,76.0,1,0,78.85,S
62,1st,male,46.0,1,0,61.175,S
63,1st,female,47.0,1,0,61.175,S
64,1st,male,27.0,1,0,53.1,S
65,1st,female,33.0,1,0,53.1,S
66,1st,female,36.0,0,0,262.375,C
67,1st,female,30.0,0,0,86.5,S
68,1st,male,45.0,0,0,29.7,C
69,1st,female,28.0,0,1,55.0,S
70,1st,male,28.0,0,0,0.0,S
71,1st,male,27.0,1,0,136.7792,C
72,1st,female,26.0,1,0,136.7792,C
73,1st,female,22.0,0,0,151.55,S
74,1st,male,28.0,0,0,52.0,S
75,1st,male,47.0,0,0,25.5875,S
76,1st,female,39.0,1,1,83.1583,C
77,1st,male,37.0,1,1,83.1583,C
78,1st,female,64.0,0,2,83.1583,C
79,1st,female,55.0,2,0,25.7,S
80,1st,male,28.0,0,0,26.55,S
81,1st,male,70.0,1,1,71.0,S
82,1st,female,36.0,0,2,71.0,S
83,1st,female,64.0,1,1,26.55,S
84,1st,male,39.0,1,0,71.2833,C
85,1st,female,38.0,1,0,71.2833,C
86,1st,male,51.0,0,0,26.55,S
87,1st,male,27.0,0,0,30.5,S
88,1st,female,33.0,0,0,151.55,S
89,1st,male,31.0,1,0,52.0,S
90,1st,female,27.0,1,2,52.0,S
91,1st,male,31.0,1,0,57.0,S
92,1st,female,17.0,1,0,57.0,S
93,1st,male,53.0,1,1,81.8583,S
94,1st,male,4.0,0,2,81.8583,S
95,1st,female,54.0,1,1,81.8583,S
96,1st,male,50.0,1,0,106.425,C
97,1st,female,27.0,1,1,247.5208,C
98,1st,female,48.0,1,0,106.425,C
99,1st,female,48.0,1,0,39.6,C
100,1st,male,49.0,1,0,56.9292,C
101,1st,male,39.0,0,0,29.7,C
102,1st,female,23.0,0,1,83.1583,C
103,1st,female,38.0,0,0,227.525,C
104,1st,female,54.0,1,0,78.2667,C
105,1st,female,36.0,0,0,31.6792,C
106,1st,male,28.0,0,0,221.7792,S
107,1st,female,28.0,0,0,31.6833,S
108,1st,female,28.0,0,0,110.8833,C
109,1st,male,36.0,0,0,26.3875,S
110,1st,male,30.0,0,0,27.75,C
111,1st,female,24.0,3,2,263.0,S
112,1st,female,28.0,3,2,263.0,S
113,1st,female,23.0,3,2,263.0,S
114,1st,male,19.0,3,2,263.0,S
115,1st,male,64.0,1,4,263.0,S
116,1st,female,60.0,1,4,263.0,S
117,1st,female,30.0,0,0,56.9292,C
118,1st,male,28.0,0,0,26.55,S
119,1st,male,50.0,2,0,133.65,S
120,1st,male,43.0,1,0,27.7208,C
121,1st,female,28.0,1,0,133.65,S
122,1st,female,22.0,0,2,49.5,C
123,1st,male,60.0,1,1,79.2,C
124,1st,female,48.0,1,1,79.2,C
125,1st,male,28.0,0,0,0.0,S
126,1st,male,37.0,1,0,53.1,S
127,1st,female,35.0,1,0,53.1,S
128,1st,male,47.0,0,0,38.5,S
129,1st,female,35.0,0,0,211.5,C
130,1st,female,22.0,0,1,59.4,C
131,1st,female,45.0,0,1,59.4,C
132,1st,male,24.0,0,0,79.2,C
133,1st,male,49.0,1,0,89.1042,C
134,1st,female,28.0,1,0,89.1042,C
135,1st,male,71.0,0,0,34.6542,C
136,1st,male,53.0,0,0,28.5,C
137,1st,female,19.0,0,0,30.0,S
138,1st,male,38.0,0,1,153.4625,S
139,1st,female,58.0,0,1,153.4625,S
140,1st,male,23.0,0,1,63.3583,C
141,1st,female,45.0,0,1,63.3583,C
142,1st,male,46.0,0,0,79.2,C
143,1st,male,25.0,1,0,55.4417,C
144,1st,female,25.0,1,0,55.4417,C
145,1st,male,48.0,1,0,76.7292,C
146,1st,female,49.0,1,0,76.7292,C
147,1st,male,28.0,0,0,42.4,S
148,1st,male,45.0,1,0,83.475,S
149,1st,female,35.0,1,0,83.475,S
150,1st,male,40.0,0,0,0.0,S
151,1st,male,27.0,0,0,76.7292,C
152,1st,male,28.0,0,0,30.0,S
153,1st,female,24.0,0,0,83.1583,C
154,1st,male,55.0,1,1,93.5,S
155,1st,female,52.0,1,1,93.5,S
156,1st,male,42.0,0,0,42.5,S
157,1st,male,28.0,0,0,51.8625,S
158,1st,male,55.0,0,0,50.0,S
159,1st,female,16.0,0,1,57.9792,C
160,1st,female,44.0,0,1,57.9792,C
161,1st,female,51.0,1,0,77.9583,S
162,1st,male,42.0,1,0,52.0,S
163,1st,female,35.0,1,0,52.0,S
164,1st,male,35.0,0,0,26.55,C
165,1st,male,38.0,1,0,90.0,S
166,1st,male,28.0,0,0,30.6958,C
167,1st,female,35.0,1,0,90.0,S
168,1st,female,38.0,0,0,80.0,S
169,1st,female,50.0,0,0,28.7125,C
170,1st,male,49.0,0,0,0.0,S
171,1st,male,46.0,0,0,26.0,S
172,1st,male,50.0,0,0,26.0,S
173,1st,male,32.5,0,0,211.5,C
174,1st,male,58.0,0,0,29.7,C
175,1st,male,41.0,1,0,51.8625,S
176,1st,female,28.0,1,0,51.8625,S
177,1st,male,42.0,1,0,52.5542,S
178,1st,female,45.0,1,0,52.5542,S
179,1st,male,28.0,0,0,26.55,S
180,1st,female,39.0,0,0,211.3375,S
181,1st,female,49.0,0,0,25.9292,S
182,1st,female,30.0,0,0,106.425,C
183,1st,male,35.0,0,0,512.3292,C
184,1st,male,28.0,0,0,27.7208,C
185,1st,male,42.0,0,0,26.55,S
186,1st,female,55.0,0,0,27.7208,C
187,1st,female,16.0,0,1,39.4,S
188,1st,female,51.0,0,1,39.4,S
189,1st,male,29.0,0,0,30.0,S
190,1st,female,21.0,0,0,77.9583,S
191,1st,male,30.0,0,0,45.5,S
192,1st,female,58.0,0,0,146.5208,C
193,1st,female,15.0,0,1,211.3375,S
194,1st,male,30.0,0,0,26.0,S
195,1st,female,16.0,0,0,86.5,S
196,1st,male,28.0,0,0,29.7,C
197,1st,male,19.0,1,0,53.1,S
198,1st,female,18.0,1,0,53.1,S
199,1st,female,24.0,0,0,49.5042,C
200,1st,male,46.0,0,0,75.2417,C
201,1st,male,54.0,0,0,51.8625,S
202,1st,male,36.0,0,0,26.2875,S
203,1st,male,28.0,1,0,82.1708,C
204,1st,female,28.0,1,0,82.1708,C
205,1st,male,65.0,0,0,26.55,S
206,1st,male,44.0,2,0,90.0,Q
207,1st,female,33.0,1,0,90.0,Q
208,1st,female,37.0,1,0,90.0,Q
209,1st,male,30.0,1,0,57.75,C
210,1st,male,55.0,0,0,30.5,S
211,1st,male,47.0,0,0,42.4,S
212,1st,male,37.0,0,1,29.7,C
213,1st,female,31.0,1,0,113.275,C
214,1st,female,23.0,1,0,113.275,C
215,1st,male,58.0,0,2,113.275,C
216,1st,female,19.0,0,2,26.2833,S
217,1st,male,64.0,0,0,26.0,S
218,1st,female,39.0,0,0,108.9,C
219,1st,male,28.0,0,0,25.7417,C
220,1st,female,22.0,0,1,61.9792,C
221,1st,male,65.0,0,1,61.9792,C
222,1st,male,28.5,0,0,27.7208,C
223,1st,male,28.0,0,0,0.0,S
224,1st,male,45.5,0,0,28.5,S
225,1st,male,23.0,0,0,93.5,S
226,1st,male,29.0,1,0,66.6,S
227,1st,female,22.0,1,0,66.6,S
228,1st,male,18.0,1,0,108.9,C
229,1st,female,17.0,1,0,108.9,C
230,1st,female,30.0,0,0,93.5,S
231,1st,male,52.0,0,0,30.5,S
232,1st,male,47.0,0,0,52.0,S
233,1st,female,56.0,0,1,83.1583,C
234,1st,male,38.0,0,0,0.0,S
235,1st,male,28.0,0,0,39.6,S
236,1st,male,22.0,0,0,135.6333,C
237,1st,male,28.0,0,0,227.525,C
238,1st,female,43.0,0,1,211.3375,S
239,1st,male,31.0,0,0,50.4958,S
240,1st,male,45.0,0,0,26.55,S
241,1st,male,28.0,0,0,50.0,S
242,1st,female,33.0,0,0,27.7208,C
243,1st,male,46.0,0,0,79.2,C
244,1st,male,36.0,0,0,40.125,C
245,1st,female,33.0,0,0,86.5,S
246,1st,male,55.0,1,0,59.4,C
247,1st,female,54.0,1,0,59.4,C
248,1st,male,33.0,0,0,26.55,S
249,1st,male,13.0,2,2,262.375,C
250,1st,female,18.0,2,2,262.375,C
251,1st,female,21.0,2,2,262.375,C
252,1st,male,61.0,1,3,262.375,C
253,1st,female,48.0,1,3,262.375,C
254,1st,male,28.0,0,0,30.5,S
255,1st,female,24.0,0,0,69.3,C
256,1st,male,28.0,0,0,26.0,S
257,1st,female,35.0,1,0,57.75,C
258,1st,female,30.0,0,0,31.0,C
259,1st,male,34.0,0,0,26.55,S
260,1st,female,40.0,0,0,153.4625,S
261,1st,male,35.0,0,0,26.2875,S
262,1st,male,50.0,1,0,55.9,S
263,1st,female,39.0,1,0,55.9,S
264,1st,male,56.0,0,0,35.5,C
265,1st,male,28.0,0,0,35.5,S
266,1st,male,56.0,0,0,26.55,S
267,1st,male,56.0,0,0,30.6958,C
268,1st,male,24.0,1,0,60.0,S
269,1st,male,28.0,0,0,26.0,S
270,1st,female,18.0,1,0,60.0,S
271,1st,male,24.0,1,0,82.2667,S
272,1st,female,23.0,1,0,82.2667,S
273,1st,male,6.0,0,2,134.5,C
274,1st,male,45.0,1,1,134.5,C
275,1st,female,40.0,1,1,134.5,C
276,1st,male,57.0,1,0,146.5208,C
277,1st,female,28.0,1,0,146.5208,C
278,1st,male,32.0,0,0,30.5,C
279,1st,male,62.0,0,0,26.55,S
280,1st,male,54.0,1,0,55.4417,C
281,1st,female,43.0,1,0,55.4417,C
282,1st,female,52.0,1,0,78.2667,C
283,1st,male,28.0,0,0,27.7208,C
284,1st,female,62.0,0,0,80.0,S
285,1st,male,67.0,1,0,221.7792,S
286,1st,female,63.0,1,0,221.7792,S
287,1st,male,61.0,0,0,32.3208,S
288,1st,female,48.0,0,0,25.9292,S
289,1st,female,18.0,0,2,79.65,S
290,1st,male,52.0,1,1,79.65,S
291,1st,female,39.0,1,1,79.65,S
292,1st,male,48.0,1,0,52.0,S
293,1st,female,28.0,1,0,52.0,S
294,1st,male,49.0,1,1,110.8833,C
295,1st,male,17.0,0,2,110.8833,C
296,1st,female,39.0,1,1,110.8833,C
297,1st,female,28.0,0,0,79.2,C
298,1st,male,31.0,0,0,28.5375,C
299,1st,male,40.0,0,0,27.7208,C
300,1st,male,61.0,0,0,33.5,S
301,1st,male,47.0,0,0,34.0208,S
302,1st,female,35.0,0,0,512.3292,C
303,1st,male,64.0,1,0,75.25,C
304,1st,female,60.0,1,0,75.25,C
305,1st,male,60.0,0,0,26.55,S
306,1st,male,54.0,0,1,77.2875,S
307,1st,male,21.0,0,1,77.2875,S
308,1st,female,55.0,0,0,135.6333,C
309,1st,female,31.0,0,2,164.8667,S
310,1st,male,57.0,1,1,164.8667,S
311,1st,female,45.0,1,1,164.8667,S
312,1st,male,50.0,1,1,211.5,C
313,1st,male,27.0,0,2,211.5,C
314,1st,female,50.0,1,1,211.5,C
315,1st,female,21.0,0,0,26.55,S
316,1st,male,51.0,0,1,61.3792,C
317,1st,male,21.0,0,1,61.3792,C
318,1st,male,28.0,0,0,35.0,S
319,1st,female,31.0,0,0,134.5,C
320,1st,male,28.0,0,0,35.5,S
321,1st,male,62.0,0,0,26.55,S
322,1st,female,36.0,0,0,135.6333,C
323,2nd,male,30.0,1,0,24.0,C
324,2nd,female,28.0,1,0,24.0,C
325,2nd,male,30.0,0,0,13.0,S
326,2nd,male,18.0,0,0,11.5,S
327,2nd,male,25.0,0,0,10.5,S
328,2nd,male,34.0,1,0,26.0,S
329,2nd,female,36.0,1,0,26.0,S
330,2nd,male,57.0,0,0,13.0,S
331,2nd,male,18.0,0,0,11.5,S
332,2nd,male,23.0,0,0,10.5,S
333,2nd,female,36.0,0,0,13.0,S
334,2nd,male,28.0,0,0,10.5,S
335,2nd,male,51.0,0,0,12.525,S
336,2nd,male,32.0,1,0,26.0,S
337,2nd,female,19.0,1,0,26.0,S
338,2nd,male,28.0,0,0,26.0,S
339,2nd,male,1.0,2,1,39.0,S
340,2nd,female,4.0,2,1,39.0,S
341,2nd,female,12.0,2,1,39.0,S
342,2nd,female,36.0,0,3,39.0,S
343,2nd,male,34.0,0,0,13.0,S
344,2nd,female,19.0,0,0,13.0,S
345,2nd,male,23.0,0,0,13.0,S
346,2nd,male,26.0,0,0,13.0,S
347,2nd,male,42.0,0,0,13.0,S
348,2nd,male,27.0,0,0,13.0,S
349,2nd,female,24.0,0,0,13.0,S
350,2nd,female,15.0,0,2,39.0,S
351,2nd,male,60.0,1,1,39.0,S
352,2nd,female,40.0,1,1,39.0,S
353,2nd,female,20.0,1,0,26.0,S
354,2nd,male,25.0,1,0,26.0,S
355,2nd,female,36.0,0,0,13.0,S
356,2nd,male,25.0,0,0,13.0,S
357,2nd,male,42.0,0,0,13.0,S
358,2nd,female,42.0,0,0,13.0,S
359,2nd,male,0.8333,0,2,29.0,S
360,2nd,male,26.0,1,1,29.0,S
361,2nd,female,22.0,1,1,29.0,S
362,2nd,female,35.0,0,0,21.0,S
363,2nd,male,28.0,0,0,0.0,S
364,2nd,male,19.0,0,0,13.0,S
365,2nd,female,44.0,1,0,26.0,S
366,2nd,male,54.0,1,0,26.0,S
367,2nd,male,52.0,0,0,13.5,S
368,2nd,male,37.0,1,0,26.0,S
369,2nd,female,29.0,1,0,26.0,S
370,2nd,female,25.0,1,1,30.0,S
371,2nd,female,45.0,0,2,30.0,S
372,2nd,male,29.0,1,0,26.0,S
373,2nd,female,28.0,1,0,26.0,S
374,2nd,male,29.0,0,0,10.5,S
375,2nd,male,28.0,0,0,13.0,S
376,2nd,male,24.0,0,0,10.5,S
377,2nd,female,8.0,0,2,26.25,S
378,2nd,male,31.0,1,1,26.25,S
379,2nd,female,31.0,1,1,26.25,S
380,2nd,female,22.0,0,0,10.5,S
381,2nd,female,30.0,0,0,13.0,S
382,2nd,female,28.0,0,0,21.0,S
383,2nd,male,21.0,0,0,11.5,S
384,2nd,male,28.0,0,0,0.0,S
385,2nd,male,8.0,1,1,36.75,S
386,2nd,male,18.0,0,0,73.5,S
387,2nd,female,48.0,0,2,36.75,S
388,2nd,female,28.0,0,0,13.0,S
389,2nd,male,32.0,0,0,13.0,S
390,2nd,male,17.0,0,0,73.5,S
391,2nd,male,29.0,1,0,27.7208,C
392,2nd,female,24.0,1,0,27.7208,C
393,2nd,male,25.0,0,0,31.5,S
394,2nd,male,18.0,0,0,73.5,S
395,2nd,female,18.0,0,1,23.0,S
396,2nd,female,34.0,0,1,23.0,S
397,2nd,male,54.0,0,0,26.0,S
398,2nd,male,8.0,0,2,32.5,S
399,2nd,male,42.0,1,1,32.5,S
400,2nd,female,34.0,1,1,32.5,S
401,2nd,female,27.0,1,0,13.8583,C
402,2nd,female,30.0,1,0,13.8583,C
403,2nd,male,23.0,0,0,13.0,S
404,2nd,male,21.0,0,0,13.0,S
405,2nd,male,18.0,0,0,13.0,S
406,2nd,male,40.0,1,0,26.0,S
407,2nd,female,29.0,1,0,26.0,S
408,2nd,male,18.0,0,0,10.5,S
409,2nd,male,36.0,0,0,13.0,S
410,2nd,male,28.0,0,0,0.0,S
411,2nd,female,38.0,0,0,13.0,S
412,2nd,male,35.0,0,0,26.0,S
413,2nd,male,38.0,1,0,21.0,S
414,2nd,male,34.0,1,0,21.0,S
415,2nd,female,34.0,0,0,13.0,S
416,2nd,male,16.0,0,0,26.0,S
417,2nd,male,26.0,0,0,10.5,S
418,2nd,male,47.0,0,0,10.5,S
419,2nd,male,21.0,1,0,11.5,S
420,2nd,male,21.0,1,0,11.5,S
421,2nd,male,24.0,0,0,13.5,S
422,2nd,male,24.0,0,0,13.0,S
423,2nd,male,34.0,0,0,13.0,S
424,2nd,male,30.0,0,0,13.0,S
425,2nd,male,52.0,0,0,13.0,S
426,2nd,male,30.0,0,0,13.0,S
427,2nd,male,0.6667,1,1,14.5,S
428,2nd,female,24.0,0,2,14.5,S
429,2nd,male,44.0,0,0,13.0,S
430,2nd,female,6.0,0,1,33.0,S
431,2nd,male,28.0,0,1,33.0,S
432,2nd,male,62.0,0,0,10.5,S
433,2nd,male,30.0,0,0,10.5,S
434,2nd,female,7.0,0,2,26.25,S
435,2nd,male,43.0,1,1,26.25,S
436,2nd,female,45.0,1,1,26.25,S
437,2nd,female,24.0,1,2,65.0,S
438,2nd,female,24.0,1,2,65.0,S
439,2nd,male,49.0,1,2,65.0,S
440,2nd,female,48.0,1,2,65.0,S
441,2nd,female,55.0,0,0,16.0,S
442,2nd,male,24.0,2,0,73.5,S
443,2nd,male,32.0,2,0,73.5,S
444,2nd,male,21.0,2,0,73.5,S
445,2nd,female,18.0,1,1,13.0,S
446,2nd,female,20.0,2,1,23.0,S
447,2nd,male,23.0,2,1,11.5,S
448,2nd,male,36.0,0,0,13.0,S
449,2nd,female,54.0,1,3,23.0,S
450,2nd,male,50.0,0,0,13.0,S
451,2nd,male,44.0,1,0,26.0,S
452,2nd,female,29.0,1,0,26.0,S
453,2nd,male,21.0,0,0,73.5,S
454,2nd,male,42.0,0,0,13.0,S
455,2nd,male,63.0,1,0,26.0,S
456,2nd,female,60.0,1,0,26.0,S
457,2nd,male,33.0,0,0,12.275,S
458,2nd,female,17.0,0,0,10.5,S
459,2nd,male,42.0,1,0,27.0,S
460,2nd,female,24.0,2,1,27.0,S
461,2nd,male,47.0,0,0,15.0,S
462,2nd,male,24.0,2,0,31.5,S
463,2nd,male,22.0,2,0,31.5,S
464,2nd,male,32.0,0,0,10.5,S
465,2nd,female,23.0,0,0,13.7917,C
466,2nd,male,34.0,1,0,26.0,S
467,2nd,female,24.0,1,0,26.0,S
468,2nd,female,22.0,0,0,21.0,S
469,2nd,female,28.0,0,0,12.35,Q
470,2nd,male,35.0,0,0,12.35,Q
471,2nd,female,45.0,0,0,13.5,S
472,2nd,male,57.0,0,0,12.35,Q
473,2nd,male,28.0,0,0,0.0,S
474,2nd,male,31.0,0,0,10.5,S
475,2nd,female,26.0,1,1,26.0,S
476,2nd,male,30.0,1,1,26.0,S
477,2nd,male,28.0,0,0,10.7083,Q
478,2nd,female,1.0,1,2,41.5792,C
479,2nd,female,3.0,1,2,41.5792,C
480,2nd,male,25.0,1,2,41.5792,C
481,2nd,female,22.0,1,2,41.5792,C
482,2nd,female,17.0,0,0,12.0,C
483,2nd,female,28.0,0,0,33.0,S
484,2nd,female,34.0,0,0,10.5,S
485,2nd,male,36.0,0,0,12.875,C
486,2nd,male,24.0,0,0,10.5,S
487,2nd,male,61.0,0,0,12.35,Q
488,2nd,male,50.0,1,0,26.0,S
489,2nd,female,42.0,1,0,26.0,S
490,2nd,female,57.0,0,0,10.5,S
491,2nd,male,28.0,0,0,15.0458,C
492,2nd,male,1.0,0,2,37.0042,C
493,2nd,male,31.0,1,1,37.0042,C
494,2nd,female,24.0,1,1,37.0042,C
495,2nd,male,28.0,0,0,15.5792,C
496,2nd,male,30.0,0,0,13.0,S
497,2nd,male,40.0,0,0,16.0,S
498,2nd,male,32.0,0,0,13.5,S
499,2nd,male,30.0,0,0,13.0,S
500,2nd,male,46.0,0,0,26.0,S
501,2nd,female,13.0,0,1,19.5,S
502,2nd,female,41.0,0,1,19.5,S
503,2nd,male,19.0,0,0,10.5,S
504,2nd,male,39.0,0,0,13.0,S
505,2nd,male,48.0,0,0,13.0,S
506,2nd,male,70.0,0,0,10.5,S
507,2nd,male,27.0,0,0,13.0,S
508,2nd,male,54.0,0,0,14.0,S
509,2nd,male,39.0,0,0,26.0,S
510,2nd,male,16.0,0,0,10.5,S
511,2nd,male,62.0,0,0,9.6875,Q
512,2nd,male,32.5,1,0,30.0708,C
513,2nd,female,14.0,1,0,30.0708,C
514,2nd,male,2.0,1,1,26.0,S
515,2nd,male,3.0,1,1,26.0,S
516,2nd,male,36.5,0,2,26.0,S
517,2nd,male,26.0,0,0,13.0,S
518,2nd,male,19.0,1,1,36.75,S
519,2nd,male,28.0,0,0,13.5,S
520,2nd,male,20.0,0,0,13.8625,C
521,2nd,female,29.0,0,0,10.5,S
522,2nd,male,39.0,0,0,13.0,S
523,2nd,male,22.0,0,0,10.5,S
524,2nd,male,28.0,0,0,13.8625,C
525,2nd,male,23.0,0,0,10.5,S
526,2nd,male,29.0,0,0,13.8583,C
527,2nd,male,28.0,0,0,10.5,S
528,2nd,male,28.0,0,0,0.0,S
529,2nd,female,50.0,0,1,26.0,S
530,2nd,male,19.0,0,0,10.5,S
531,2nd,male,28.0,0,0,15.05,C
532,2nd,male,41.0,0,0,13.0,S
533,2nd,female,21.0,0,1,21.0,S
534,2nd,female,19.0,0,0,26.0,S
535,2nd,male,43.0,0,1,21.0,S
536,2nd,female,32.0,0,0,13.0,S
537,2nd,male,34.0,0,0,13.0,S
538,2nd,male,30.0,0,0,12.7375,C
539,2nd,male,27.0,0,0,15.0333,C
540,2nd,female,2.0,1,1,26.0,S
541,2nd,female,8.0,1,1,26.0,S
542,2nd,female,33.0,0,2,26.0,S
543,2nd,male,36.0,0,0,10.5,S
544,2nd,male,34.0,1,0,21.0,S
545,2nd,female,30.0,3,0,21.0,S
546,2nd,female,28.0,0,0,13.0,S
547,2nd,male,23.0,0,0,15.0458,C
548,2nd,male,0.8333,1,1,18.75,S
549,2nd,male,3.0,1,1,18.75,S
550,2nd,female,24.0,2,3,18.75,S
551,2nd,female,50.0,0,0,10.5,S
552,2nd,male,19.0,0,0,10.5,S
553,2nd,female,21.0,0,0,10.5,S
554,2nd,male,26.0,0,0,13.0,S
555,2nd,male,25.0,0,0,13.0,S
556,2nd,male,27.0,0,0,26.0,S
557,2nd,female,25.0,0,1,26.0,S
558,2nd,female,18.0,0,2,13.0,S
559,2nd,female,20.0,0,0,36.75,S
560,2nd,female,30.0,0,0,13.0,S
561,2nd,male,59.0,0,0,13.5,S
562,2nd,female,30.0,0,0,12.35,Q
563,2nd,male,35.0,0,0,10.5,S
564,2nd,female,40.0,0,0,13.0,S
565,2nd,male,25.0,0,0,13.0,S
566,2nd,male,41.0,0,0,15.0458,C
567,2nd,male,25.0,0,0,10.5,S
568,2nd,male,18.5,0,0,13.0,S
569,2nd,male,14.0,0,0,65.0,S
570,2nd,female,50.0,0,0,10.5,S
571,2nd,male,23.0,0,0,13.0,S
572,2nd,female,28.0,0,0,12.65,S
573,2nd,female,27.0,0,0,10.5,S
574,2nd,male,29.0,1,0,21.0,S
575,2nd,female,27.0,1,0,21.0,S
576,2nd,male,40.0,0,0,13.0,S
577,2nd,female,31.0,0,0,21.0,S
578,2nd,male,30.0,1,0,21.0,S
579,2nd,male,23.0,1,0,10.5,S
580,2nd,female,31.0,0,0,21.0,S
581,2nd,male,28.0,0,0,0.0,S
582,2nd,female,12.0,0,0,15.75,S
583,2nd,female,40.0,0,0,15.75,S
584,2nd,female,32.5,0,0,13.0,S
585,2nd,male,27.0,1,0,26.0,S
586,2nd,female,29.0,1,0,26.0,S
587,2nd,male,2.0,1,1,23.0,S
588,2nd,female,4.0,1,1,23.0,S
589,2nd,female,29.0,0,2,23.0,S
590,2nd,female,0.9167,1,2,27.75,S
591,2nd,female,5.0,1,2,27.75,S
592,2nd,male,36.0,1,2,27.75,S
593,2nd,female,33.0,1,2,27.75,S
594,2nd,male,66.0,0,0,10.5,S
595,2nd,male,28.0,0,0,12.875,S
596,2nd,male,31.0,0,0,13.0,S
597,2nd,male,28.0,0,0,13.0,S
598,2nd,female,26.0,0,0,13.5,S
599,2nd,female,24.0,0,0,13.0,S
600,3rd,male,42.0,0,0,7.55,S
601,3rd,male,13.0,0,2,20.25,S
602,3rd,male,16.0,1,1,20.25,S
603,3rd,female,35.0,1,1,20.25,S
604,3rd,female,16.0,0,0,7.65,S
605,3rd,male,25.0,0,0,7.65,S
606,3rd,male,20.0,0,0,7.925,S
607,3rd,female,18.0,0,0,7.2292,C
608,3rd,male,30.0,0,0,7.25,S
609,3rd,male,26.0,0,0,8.05,S
610,3rd,female,40.0,1,0,9.475,S
611,3rd,male,0.8333,0,1,9.35,S
612,3rd,female,18.0,0,1,9.35,S
613,3rd,male,26.0,0,0,18.7875,C
614,3rd,male,26.0,0,0,7.8875,S
615,3rd,male,20.0,0,0,7.925,S
616,3rd,male,24.0,0,0,7.05,S
617,3rd,male,25.0,0,0,7.05,S
618,3rd,male,35.0,0,0,8.05,S
619,3rd,male,18.0,0,0,8.3,S
620,3rd,male,32.0,0,0,22.525,S
621,3rd,female,19.0,1,0,7.8542,S
622,3rd,male,4.0,4,2,31.275,S
623,3rd,female,6.0,4,2,31.275,S
624,3rd,female,2.0,4,2,31.275,S
625,3rd,female,17.0,4,2,7.925,S
626,3rd,female,38.0,4,2,7.775,S
627,3rd,female,9.0,4,2,31.275,S
628,3rd,female,11.0,4,2,31.275,S
629,3rd,male,39.0,1,5,31.275,S
630,3rd,male,27.0,0,0,7.7958,S
631,3rd,male,26.0,0,0,7.775,S
632,3rd,female,39.0,1,5,31.275,S
633,3rd,male,20.0,0,0,7.8542,S
634,3rd,male,26.0,0,0,7.8958,S
635,3rd,male,25.0,1,0,17.8,S
636,3rd,female,18.0,1,0,17.8,S
637,3rd,male,24.0,0,0,7.775,S
638,3rd,male,35.0,0,0,7.05,S
639,3rd,male,5.0,4,2,31.3875,S
640,3rd,male,9.0,4,2,31.3875,S
641,3rd,male,3.0,4,2,31.3875,S
642,3rd,male,13.0,4,2,31.3875,S
643,3rd,female,5.0,4,2,31.3875,S
644,3rd,male,40.0,1,5,31.3875,S
645,3rd,male,23.0,0,0,7.7958,S
646,3rd,female,38.0,1,5,31.3875,S
647,3rd,female,45.0,0,0,7.225,C
648,3rd,male,21.0,0,0,7.225,C
649,3rd,male,23.0,0,0,7.05,S
650,3rd,female,17.0,0,0,14.4583,C
651,3rd,male,30.0,0,0,7.225,C
652,3rd,male,23.0,0,0,7.8542,S
653,3rd,female,13.0,0,0,7.2292,C
654,3rd,male,20.0,0,0,7.225,C
655,3rd,male,32.0,1,0,15.85,S
656,3rd,female,33.0,3,0,15.85,S
657,3rd,female,0.75,2,1,19.2583,C
658,3rd,female,0.75,2,1,19.2583,C
659,3rd,female,5.0,2,1,19.2583,C
660,3rd,female,24.0,0,3,19.2583,C
661,3rd,female,18.0,0,0,8.05,S
662,3rd,male,40.0,0,0,7.225,C
663,3rd,male,26.0,0,0,7.8958,S
664,3rd,male,20.0,0,0,7.2292,C
665,3rd,female,18.0,0,1,14.4542,C
666,3rd,female,45.0,0,1,14.4542,C
667,3rd,female,27.0,0,0,7.8792,Q
668,3rd,male,22.0,0,0,8.05,S
669,3rd,male,19.0,0,0,8.05,S
670,3rd,male,26.0,0,0,7.775,S
671,3rd,male,22.0,0,0,9.35,S
672,3rd,male,28.0,0,0,7.2292,C
673,3rd,male,20.0,0,0,4.0125,C
674,3rd,male,32.0,0,0,56.4958,S
675,3rd,male,21.0,0,0,7.775,S
676,3rd,male,18.0,0,0,7.75,S
677,3rd,male,26.0,0,0,7.8958,S
678,3rd,male,6.0,1,1,15.2458,C
679,3rd,female,9.0,1,1,15.2458,C
680,3rd,male,28.0,0,0,7.225,C
681,3rd,female,28.0,0,2,15.2458,C
682,3rd,female,28.0,0,2,7.75,Q
683,3rd,male,40.0,1,1,15.5,Q
684,3rd,female,32.0,1,1,15.5,Q
685,3rd,male,21.0,0,0,16.1,S
686,3rd,female,22.0,0,0,7.725,Q
687,3rd,female,20.0,0,0,7.8542,S
688,3rd,male,29.0,1,0,7.0458,S
689,3rd,male,22.0,1,0,7.25,S
690,3rd,male,22.0,0,0,7.7958,S
691,3rd,male,35.0,0,0,8.05,S
692,3rd,female,18.5,0,0,7.2833,Q
693,3rd,male,21.0,0,0,7.8208,Q
694,3rd,male,19.0,0,0,6.75,Q
695,3rd,female,18.0,0,0,7.8792,Q
696,3rd,female,21.0,0,0,8.6625,S
697,3rd,female,30.0,0,0,8.6625,S
698,3rd,male,18.0,0,0,8.6625,S
699,3rd,male,38.0,0,0,8.6625,S
700,3rd,male,17.0,0,0,8.6625,S
701,3rd,male,17.0,0,0,8.6625,S
702,3rd,female,21.0,0,0,7.75,Q
703,3rd,male,21.0,0,0,7.75,Q
704,3rd,male,21.0,0,0,8.05,S
705,3rd,male,28.0,1,0,14.4583,C
706,3rd,female,28.0,1,0,14.4583,C
707,3rd,male,28.0,0,0,7.7958,S
708,3rd,male,24.0,0,0,7.8542,S
709,3rd,female,16.0,0,0,7.75,Q
710,3rd,female,37.0,0,0,7.75,Q
711,3rd,male,28.0,0,0,7.25,S
712,3rd,male,24.0,0,0,8.05,S
713,3rd,male,21.0,0,0,7.7333,Q
714,3rd,male,32.0,0,0,56.4958,S
715,3rd,male,29.0,0,0,8.05,S
716,3rd,male,26.0,1,0,14.4542,C
717,3rd,male,18.0,1,0,14.4542,C
718,3rd,male,20.0,0,0,7.05,S
719,3rd,male,18.0,0,0,8.05,S
720,3rd,male,24.0,0,0,7.25,Q
721,3rd,male,36.0,0,0,7.4958,S
722,3rd,male,24.0,0,0,7.4958,S
723,3rd,male,31.0,0,0,7.7333,Q
724,3rd,male,31.0,0,0,7.75,Q
725,3rd,female,22.0,0,0,7.75,Q
726,3rd,female,30.0,0,0,7.6292,Q
727,3rd,male,70.5,0,0,7.75,Q
728,3rd,male,43.0,0,0,8.05,S
729,3rd,male,35.0,0,0,7.8958,S
730,3rd,male,27.0,0,0,7.8958,S
731,3rd,male,19.0,0,0,7.8958,S
732,3rd,male,30.0,0,0,8.05,S
733,3rd,male,9.0,1,1,15.9,S
734,3rd,male,3.0,1,1,15.9,S
735,3rd,female,36.0,0,2,15.9,S
736,3rd,male,59.0,0,0,7.25,S
737,3rd,male,19.0,0,0,8.1583,S
738,3rd,female,17.0,0,1,16.1,S
739,3rd,male,44.0,0,1,16.1,S
740,3rd,male,17.0,0,0,8.6625,S
741,3rd,male,22.5,0,0,7.225,C
742,3rd,male,45.0,0,0,8.05,S
743,3rd,female,22.0,0,0,10.5167,S
744,3rd,male,19.0,0,0,10.1708,S
745,3rd,female,30.0,0,0,6.95,Q
746,3rd,male,29.0,0,0,7.75,Q
747,3rd,male,0.3333,0,2,14.4,S
748,3rd,male,34.0,1,1,14.4,S
749,3rd,female,28.0,1,1,14.4,S
750,3rd,male,27.0,0,0,7.8958,S
751,3rd,male,25.0,0,0,7.8958,S
752,3rd,male,24.0,2,0,24.15,S
753,3rd,male,22.0,0,0,8.05,S
754,3rd,male,21.0,2,0,24.15,S
755,3rd,male,17.0,2,0,8.05,S
756,3rd,male,28.0,1,0,16.1,S
757,3rd,female,28.0,1,0,16.1,S
758,3rd,male,36.5,1,0,17.4,S
759,3rd,female,36.0,1,0,17.4,S
760,3rd,male,30.0,0,0,9.5,S
761,3rd,male,16.0,0,0,9.5,S
762,3rd,male,1.0,1,2,20.575,S
763,3rd,female,0.1667,1,2,20.575,S
764,3rd,male,26.0,1,2,20.575,S
765,3rd,female,33.0,1,2,20.575,S
766,3rd,male,25.0,0,0,7.8958,S
767,3rd,male,28.0,0,0,7.8958,S
768,3rd,male,28.0,0,0,7.8958,S
769,3rd,male,22.0,0,0,7.25,S
770,3rd,male,36.0,0,0,7.25,S
771,3rd,female,19.0,0,0,7.8792,Q
772,3rd,male,17.0,0,0,7.8958,S
773,3rd,male,42.0,0,0,8.6625,S
774,3rd,male,43.0,0,0,7.8958,S
775,3rd,male,28.0,0,0,7.2292,C
776,3rd,male,32.0,0,0,7.75,Q
777,3rd,male,19.0,0,0,8.05,S
778,3rd,female,30.0,0,0,12.475,S
779,3rd,female,24.0,0,0,7.75,Q
780,3rd,female,23.0,0,0,8.05,S
781,3rd,male,33.0,0,0,7.8958,C
782,3rd,male,65.0,0,0,7.75,Q
783,3rd,male,24.0,0,0,7.55,S
784,3rd,male,23.0,1,0,13.9,S
785,3rd,female,22.0,1,0,13.9,S
786,3rd,male,18.0,0,0,7.775,S
787,3rd,male,16.0,0,0,7.775,S
788,3rd,male,45.0,0,0,6.975,S
789,3rd,male,28.0,0,0,7.225,C
790,3rd,male,39.0,0,2,7.2292,C
791,3rd,male,17.0,1,1,7.2292,C
792,3rd,male,15.0,1,1,7.2292,C
793,3rd,male,47.0,0,0,7.25,S
794,3rd,female,5.0,0,0,12.475,S
795,3rd,male,28.0,0,0,7.225,C
796,3rd,male,40.5,0,0,15.1,S
797,3rd,male,40.5,0,0,7.75,Q
798,3rd,male,28.0,0,0,7.05,S
799,3rd,male,18.0,0,0,7.7958,S
800,3rd,female,28.0,0,0,7.75,Q
801,3rd,male,28.0,0,0,7.75,Q
802,3rd,male,28.0,0,0,6.95,Q
803,3rd,male,26.0,0,0,7.8792,Q
804,3rd,male,28.0,0,0,7.75,Q
805,3rd,male,28.0,0,0,56.4958,S
806,3rd,female,21.0,2,2,34.375,S
807,3rd,female,9.0,2,2,34.375,S
808,3rd,male,28.0,0,0,8.05,S
809,3rd,male,18.0,2,2,34.375,S
810,3rd,male,16.0,1,3,34.375,S
811,3rd,female,48.0,1,3,34.375,S
812,3rd,male,28.0,0,0,7.75,Q
813,3rd,male,28.0,0,0,7.25,S
814,3rd,male,25.0,0,0,7.7417,Q
815,3rd,male,28.0,0,0,14.5,S
816,3rd,male,28.0,0,0,7.8958,C
817,3rd,male,22.0,0,0,8.05,S
818,3rd,female,16.0,0,0,7.7333,Q
819,3rd,female,28.0,0,0,7.75,Q
820,3rd,male,9.0,0,2,20.525,S
821,3rd,male,33.0,1,1,20.525,S
822,3rd,male,41.0,0,0,7.85,S
823,3rd,female,31.0,1,1,20.525,S
824,3rd,male,38.0,0,0,7.05,S
825,3rd,male,9.0,5,2,46.9,S
826,3rd,male,1.0,5,2,46.9,S
827,3rd,male,11.0,5,2,46.9,S
828,3rd,female,10.0,5,2,46.9,S
829,3rd,female,16.0,5,2,46.9,S
830,3rd,male,14.0,5,2,46.9,S
831,3rd,male,40.0,1,6,46.9,S
832,3rd,female,43.0,1,6,46.9,S
833,3rd,male,51.0,0,0,8.05,S
834,3rd,male,32.0,0,0,8.3625,S
835,3rd,male,28.0,0,0,8.05,S
836,3rd,male,20.0,0,0,9.8458,S
837,3rd,male,37.0,2,0,7.925,S
838,3rd,male,28.0,2,0,7.925,S
839,3rd,male,19.0,0,0,7.775,S
840,3rd,female,24.0,0,0,8.85,S
841,3rd,female,17.0,0,0,7.7333,Q
842,3rd,male,28.0,1,0,19.9667,S
843,3rd,male,28.0,1,0,19.9667,S
844,3rd,male,28.0,1,0,15.85,S
845,3rd,female,24.0,1,0,15.85,S
846,3rd,male,20.0,0,0,9.5,S
847,3rd,male,23.5,0,0,7.2292,C
848,3rd,male,41.0,2,0,14.1083,S
849,3rd,male,26.0,1,0,7.8542,S
850,3rd,male,21.0,0,0,7.8542,S
851,3rd,female,45.0,1,0,14.1083,S
852,3rd,female,28.0,0,0,7.55,S
853,3rd,male,25.0,0,0,7.25,S
854,3rd,male,28.0,0,0,6.8583,Q
855,3rd,male,11.0,0,0,18.7875,C
856,3rd,female,28.0,0,0,7.75,Q
857,3rd,male,27.0,0,0,6.975,S
858,3rd,male,28.0,0,0,56.4958,S
859,3rd,female,18.0,0,0,6.75,Q
860,3rd,female,26.0,0,0,7.925,S
861,3rd,female,23.0,0,0,7.925,S
862,3rd,female,22.0,0,0,8.9625,S
863,3rd,male,28.0,0,0,7.8958,S
864,3rd,female,28.0,0,0,7.775,S
865,3rd,female,28.0,0,0,7.75,Q
866,3rd,female,2.0,0,1,12.2875,S
867,3rd,female,22.0,1,1,12.2875,S
868,3rd,male,43.0,0,0,6.45,S
869,3rd,male,28.0,0,0,22.525,S
870,3rd,female,27.0,0,0,7.925,S
871,3rd,male,28.0,0,0,7.75,Q
872,3rd,female,28.0,0,0,8.05,S
873,3rd,male,42.0,0,0,7.65,S
874,3rd,male,28.0,0,0,7.8875,S
875,3rd,male,30.0,0,0,7.2292,C
876,3rd,male,28.0,0,0,7.8958,S
877,3rd,female,27.0,1,0,7.925,S
878,3rd,female,25.0,1,0,7.925,S
879,3rd,male,28.0,0,0,7.8958,S
880,3rd,male,29.0,0,0,7.8958,C
881,3rd,male,21.0,0,0,7.7958,S
882,3rd,male,28.0,0,0,7.05,S
883,3rd,male,20.0,0,0,7.8542,S
884,3rd,male,48.0,0,0,7.8542,S
885,3rd,male,17.0,1,0,7.0542,S
886,3rd,female,28.0,0,0,7.75,Q
887,3rd,male,28.0,0,0,8.1125,S
888,3rd,male,34.0,0,0,6.4958,S
889,3rd,male,26.0,0,0,7.775,S
890,3rd,male,22.0,0,0,7.7958,S
891,3rd,male,33.0,0,0,8.6542,S
892,3rd,male,31.0,0,0,7.775,S
893,3rd,male,29.0,0,0,7.8542,S
894,3rd,male,4.0,1,1,11.1333,S
895,3rd,female,1.0,1,1,11.1333,S
896,3rd,male,49.0,0,0,0.0,S
897,3rd,male,33.0,0,0,7.775,S
898,3rd,male,19.0,0,0,0.0,S
899,3rd,female,27.0,0,2,11.1333,S
900,3rd,male,28.0,1,2,23.45,S
901,3rd,female,28.0,1,2,23.45,S
902,3rd,male,28.0,1,2,23.45,S
903,3rd,female,28.0,1,2,23.45,S
904,3rd,male,23.0,0,0,7.8958,S
905,3rd,male,32.0,0,0,7.8542,S
906,3rd,male,27.0,0,0,7.8542,S
907,3rd,female,20.0,1,0,9.825,S
908,3rd,female,21.0,1,0,9.825,S
909,3rd,male,32.0,0,0,7.925,S
910,3rd,male,17.0,0,0,7.125,S
911,3rd,male,21.0,0,0,8.4333,S
912,3rd,male,30.0,0,0,7.8958,S
913,3rd,male,21.0,0,0,7.7958,S
914,3rd,male,33.0,0,0,7.8542,S
915,3rd,male,22.0,0,0,7.5208,S
916,3rd,female,4.0,0,1,13.4167,C
917,3rd,male,39.0,0,1,13.4167,C
918,3rd,male,28.0,0,0,7.2292,C
919,3rd,male,18.5,0,0,7.2292,C
920,3rd,male,28.0,0,0,7.75,Q
921,3rd,male,28.0,0,0,7.25,S
922,3rd,female,28.0,0,0,7.75,Q
923,3rd,female,28.0,0,0,7.75,Q
924,3rd,male,34.5,0,0,7.8292,Q
925,3rd,male,44.0,0,0,8.05,S
926,3rd,male,28.0,0,0,7.75,Q
927,3rd,male,28.0,1,0,14.4542,C
928,3rd,female,28.0,1,0,14.4542,C
929,3rd,male,28.0,1,0,7.75,Q
930,3rd,male,28.0,1,0,7.75,Q
931,3rd,male,28.0,0,0,7.7375,Q
932,3rd,female,22.0,2,0,8.6625,S
933,3rd,male,26.0,2,0,8.6625,S
934,3rd,female,4.0,0,2,22.025,S
935,3rd,male,29.0,3,1,22.025,S
936,3rd,female,26.0,1,1,22.025,S
937,3rd,female,1.0,1,1,12.1833,S
938,3rd,male,18.0,1,1,7.8542,S
939,3rd,female,36.0,0,2,12.1833,S
940,3rd,male,28.0,0,0,7.8958,C
941,3rd,male,25.0,0,0,7.2292,C
942,3rd,male,28.0,0,0,7.225,C
943,3rd,female,37.0,0,0,9.5875,S
944,3rd,male,28.0,0,0,7.8958,S
945,3rd,male,28.0,0,0,56.4958,S
946,3rd,male,28.0,0,0,56.4958,S
947,3rd,female,22.0,0,0,7.25,S
948,3rd,male,28.0,0,0,7.75,Q
949,3rd,male,26.0,0,0,56.4958,S
950,3rd,male,29.0,0,0,9.4833,S
951,3rd,male,29.0,0,0,7.775,S
952,3rd,male,22.0,0,0,7.775,S
953,3rd,male,22.0,0,0,7.225,C
954,3rd,male,28.0,3,1,25.4667,S
955,3rd,female,28.0,3,1,25.4667,S
956,3rd,female,28.0,3,1,25.4667,S
957,3rd,female,28.0,3,1,25.4667,S
958,3rd,female,28.0,0,4,25.4667,S
959,3rd,male,32.0,0,0,7.925,S
960,3rd,male,34.5,0,0,6.4375,C
961,3rd,female,28.0,1,0,15.5,Q
962,3rd,male,28.0,1,0,15.5,Q
963,3rd,male,36.0,0,0,0.0,S
964,3rd,male,39.0,0,0,24.15,S
965,3rd,male,24.0,0,0,9.5,S
966,3rd,female,25.0,0,0,7.775,S
967,3rd,female,45.0,0,0,7.75,S
968,3rd,male,36.0,1,0,15.55,S
969,3rd,female,30.0,1,0,15.55,S
970,3rd,male,20.0,1,0,7.925,S
971,3rd,male,28.0,0,0,7.8792,Q
972,3rd,male,28.0,0,0,56.4958,S
973,3rd,male,28.0,0,0,7.55,S
974,3rd,male,30.0,1,0,16.1,S
975,3rd,female,26.0,1,0,16.1,S
976,3rd,male,28.0,0,0,7.8792,S
977,3rd,male,20.5,0,0,7.25,S
978,3rd,male,27.0,0,0,8.6625,S
979,3rd,male,51.0,0,0,7.0542,S
980,3rd,female,23.0,0,0,7.8542,S
981,3rd,male,32.0,0,0,7.5792,S
982,3rd,male,28.0,0,0,7.8958,S
983,3rd,male,28.0,0,0,7.55,S
984,3rd,female,28.0,0,0,7.75,Q
985,3rd,male,24.0,0,0,7.1417,S
986,3rd,male,22.0,0,0,7.125,S
987,3rd,female,28.0,0,0,7.8792,Q
988,3rd,male,28.0,0,0,7.75,Q
989,3rd,male,28.0,0,0,8.05,S
990,3rd,male,29.0,0,0,7.925,S
991,3rd,male,28.0,0,0,7.2292,C
992,3rd,female,30.5,0,0,7.75,Q
993,3rd,female,28.0,0,0,7.7375,Q
994,3rd,male,28.0,0,0,7.2292,C
995,3rd,male,35.0,0,0,7.8958,C
996,3rd,male,33.0,0,0,7.8958,S
997,3rd,female,28.0,0,0,7.225,C
998,3rd,male,28.0,0,0,7.8958,C
999,3rd,female,28.0,0,0,7.75,Q
1000,3rd,male,28.0,0,0,7.75,Q
1001,3rd,female,28.0,2,0,23.25,Q
1002,3rd,female,28.0,2,0,23.25,Q
1003,3rd,male,28.0,2,0,23.25,Q
1004,3rd,female,28.0,0,0,7.7875,Q
1005,3rd,male,28.0,0,0,15.5,Q
1006,3rd,female,28.0,0,0,7.8792,Q
1007,3rd,female,15.0,0,0,8.0292,Q
1008,3rd,female,35.0,0,0,7.75,Q
1009,3rd,male,28.0,0,0,7.75,Q
1010,3rd,male,24.0,1,0,16.1,S
1011,3rd,female,19.0,1,0,16.1,S
1012,3rd,female,28.0,0,0,7.75,Q
1013,3rd,female,28.0,0,0,8.05,S
1014,3rd,female,28.0,0,0,8.05,S
1015,3rd,male,55.5,0,0,8.05,S
1016,3rd,male,28.0,0,0,7.75,Q
1017,3rd,male,21.0,0,0,7.775,S
1018,3rd,male,28.0,0,0,8.05,S
1019,3rd,male,24.0,0,0,7.8958,S
1020,3rd,male,21.0,0,0,7.8958,S
1021,3rd,male,28.0,0,0,7.8958,S
1022,3rd,male,28.0,0,0,7.8958,S
1023,3rd,female,28.0,0,0,7.8792,Q
1024,3rd,male,25.0,0,0,7.65,S
1025,3rd,male,6.0,0,1,12.475,S
1026,3rd,female,27.0,0,1,12.475,S
1027,3rd,male,28.0,0,0,8.05,S
1028,3rd,female,28.0,1,0,24.15,Q
1029,3rd,male,28.0,1,0,24.15,Q
1030,3rd,male,28.0,0,0,8.4583,Q
1031,3rd,male,34.0,0,0,8.05,S
1032,3rd,male,28.0,0,0,7.75,Q
1033,3rd,male,28.0,0,0,7.775,S
1034,3rd,male,28.0,1,1,15.2458,C
1035,3rd,male,28.0,1,1,15.2458,C
1036,3rd,female,28.0,0,2,15.2458,C
1037,3rd,female,28.0,0,0,7.2292,C
1038,3rd,male,28.0,0,0,8.05,S
1039,3rd,female,28.0,0,0,7.7333,Q
1040,3rd,female,24.0,0,0,7.75,Q
1041,3rd,male,28.0,0,0,8.05,S
1042,3rd,female,28.0,1,0,15.5,Q
1043,3rd,female,28.0,1,0,15.5,Q
1044,3rd,female,28.0,0,0,15.5,Q
1045,3rd,male,18.0,0,0,7.75,S
1046,3rd,male,22.0,0,0,7.8958,S
1047,3rd,female,15.0,0,0,7.225,C
1048,3rd,female,1.0,0,2,15.7417,C
1049,3rd,male,20.0,1,1,15.7417,C
1050,3rd,female,19.0,1,1,15.7417,C
1051,3rd,male,33.0,0,0,8.05,S
1052,3rd,male,28.0,0,0,7.8958,S
1053,3rd,male,28.0,0,0,7.2292,C
1054,3rd,female,28.0,0,0,7.75,Q
1055,3rd,male,28.0,0,0,7.8958,S
1056,3rd,male,12.0,1,0,11.2417,C
1057,3rd,female,14.0,1,0,11.2417,C
1058,3rd,female,29.0,0,0,7.925,S
1059,3rd,male,28.0,0,0,8.05,S
1060,3rd,female,18.0,0,0,7.775,S
1061,3rd,female,26.0,0,0,7.8542,S
1062,3rd,male,21.0,0,0,7.8542,S
1063,3rd,male,41.0,0,0,7.125,S
1064,3rd,male,39.0,0,0,7.925,S
1065,3rd,male,21.0,0,0,7.8,S
1066,3rd,male,28.5,0,0,7.2292,C
1067,3rd,female,22.0,0,0,7.75,S
1068,3rd,male,61.0,0,0,6.2375,S
1069,3rd,male,28.0,1,0,15.5,Q
1070,3rd,male,28.0,0,0,7.8292,Q
1071,3rd,female,28.0,1,0,15.5,Q
1072,3rd,male,28.0,0,0,7.7333,Q
1073,3rd,male,28.0,0,0,7.75,Q
1074,3rd,male,28.0,0,0,7.75,Q
1075,3rd,male,23.0,0,0,9.225,S
1076,3rd,female,28.0,0,0,7.75,Q
1077,3rd,female,28.0,0,0,7.75,Q
1078,3rd,female,28.0,0,0,7.8792,Q
1079,3rd,female,22.0,0,0,7.775,S
1080,3rd,male,28.0,0,0,7.75,Q
1081,3rd,female,28.0,0,0,7.8292,Q
1082,3rd,male,9.0,0,1,3.1708,S
1083,3rd,male,28.0,0,0,22.525,S
1084,3rd,male,42.0,0,1,8.4042,S
1085,3rd,male,28.0,0,0,7.3125,S
1086,3rd,female,31.0,0,0,7.8542,S
1087,3rd,male,28.0,0,0,7.8542,S
1088,3rd,male,32.0,0,0,7.775,S
1089,3rd,male,20.0,0,0,9.225,S
1090,3rd,female,23.0,0,0,8.6625,S
1091,3rd,female,20.0,0,0,8.6625,S
1092,3rd,male,20.0,0,0,8.6625,S
1093,3rd,male,16.0,0,0,9.2167,S
1094,3rd,female,31.0,0,0,8.6833,S
1095,3rd,female,28.0,0,0,7.6292,Q
1096,3rd,male,2.0,3,1,21.075,S
1097,3rd,male,6.0,3,1,21.075,S
1098,3rd,female,3.0,3,1,21.075,S
1099,3rd,female,8.0,3,1,21.075,S
1100,3rd,female,29.0,0,4,21.075,S
1101,3rd,male,1.0,4,1,39.6875,S
1102,3rd,male,7.0,4,1,39.6875,S
1103,3rd,male,2.0,4,1,39.6875,S
1104,3rd,male,16.0,4,1,39.6875,S
1105,3rd,male,14.0,4,1,39.6875,S
1106,3rd,female,41.0,0,5,39.6875,S
1107,3rd,male,21.0,0,0,8.6625,S
1108,3rd,male,19.0,0,0,14.5,S
1109,3rd,male,28.0,0,0,8.7125,C
1110,3rd,male,32.0,0,0,7.8958,S
1111,3rd,male,0.75,1,1,13.775,S
1112,3rd,female,3.0,1,1,13.775,S
1113,3rd,female,26.0,0,2,13.775,S
1114,3rd,male,28.0,0,0,7.0,S
1115,3rd,male,28.0,0,0,7.775,S
1116,3rd,male,28.0,0,0,8.05,S
1117,3rd,male,21.0,0,0,7.925,S
1118,3rd,male,25.0,0,0,7.925,S
1119,3rd,male,22.0,0,0,7.25,S
1120,3rd,male,25.0,1,0,7.775,S
1121,3rd,male,28.0,1,1,22.3583,C
1122,3rd,female,28.0,1,1,22.3583,C
1123,3rd,female,28.0,0,2,22.3583,C
1124,3rd,female,28.0,0,0,8.1375,Q
1125,3rd,male,24.0,0,0,8.05,S
1126,3rd,female,28.0,0,0,7.8958,S
1127,3rd,male,19.0,0,0,7.8958,S
1128,3rd,male,28.0,0,0,7.8958,S
1129,3rd,male,25.0,1,0,7.775,S
1130,3rd,female,18.0,0,0,7.775,S
1131,3rd,male,32.0,0,0,8.05,S
1132,3rd,male,28.0,0,0,7.8958,S
1133,3rd,male,17.0,0,0,8.6625,S
1134,3rd,male,24.0,0,0,8.6625,S
1135,3rd,male,28.0,0,0,7.8958,S
1136,3rd,female,28.0,0,0,8.1125,S
1137,3rd,male,28.0,0,0,7.2292,C
1138,3rd,male,28.0,0,0,7.25,S
1139,3rd,male,38.0,0,0,7.8958,S
1140,3rd,male,21.0,0,0,8.05,S
1141,3rd,male,10.0,4,1,29.125,Q
1142,3rd,male,4.0,4,1,29.125,Q
1143,3rd,male,7.0,4,1,29.125,Q
1144,3rd,male,2.0,4,1,29.125,Q
1145,3rd,male,8.0,4,1,29.125,Q
1146,3rd,female,39.0,0,5,29.125,Q
1147,3rd,female,22.0,0,0,39.6875,S
1148,3rd,male,35.0,0,0,7.125,S
1149,3rd,female,28.0,0,0,7.7208,Q
1150,3rd,male,28.0,0,0,14.5,S
1151,3rd,female,28.0,0,0,14.5,S
1152,3rd,male,50.0,1,0,14.5,S
1153,3rd,female,47.0,1,0,14.5,S
1154,3rd,male,28.0,0,0,8.05,S
1155,3rd,male,28.0,0,0,7.775,S
1156,3rd,female,2.0,1,1,20.2125,S
1157,3rd,male,18.0,1,1,20.2125,S
1158,3rd,female,41.0,0,2,20.2125,S
1159,3rd,female,28.0,0,0,8.05,S
1160,3rd,male,50.0,0,0,8.05,S
1161,3rd,male,16.0,0,0,8.05,S
1162,3rd,male,28.0,0,0,7.75,Q
1163,3rd,male,28.0,0,0,24.15,Q
1164,3rd,male,28.0,0,0,7.2292,C
1165,3rd,male,25.0,0,0,7.225,C
1166,3rd,male,28.0,0,0,7.225,C
1167,3rd,male,28.0,0,0,7.7292,Q
1168,3rd,male,28.0,0,0,7.575,S
1169,3rd,male,38.5,0,0,7.25,S
1170,3rd,male,28.0,8,2,69.55,S
1171,3rd,male,14.5,8,2,69.55,S
1172,3rd,female,28.0,8,2,69.55,S
1173,3rd,female,28.0,8,2,69.55,S
1174,3rd,female,28.0,8,2,69.55,S
1175,3rd,female,28.0,8,2,69.55,S
1176,3rd,male,28.0,8,2,69.55,S
1177,3rd,male,28.0,8,2,69.55,S
1178,3rd,male,28.0,8,2,69.55,S
1179,3rd,male,28.0,1,9,69.55,S
1180,3rd,female,28.0,1,9,69.55,S
1181,3rd,male,24.0,0,0,9.325,S
1182,3rd,female,21.0,0,0,7.65,S
1183,3rd,male,39.0,0,0,7.925,S
1184,3rd,male,28.0,2,0,21.6792,C
1185,3rd,male,28.0,2,0,21.6792,C
1186,3rd,male,28.0,2,0,21.6792,C
1187,3rd,female,1.0,1,1,16.7,S
1188,3rd,female,24.0,0,2,16.7,S
1189,3rd,female,4.0,1,1,16.7,S
1190,3rd,male,25.0,0,0,9.5,S
1191,3rd,male,20.0,0,0,8.05,S
1192,3rd,male,24.5,0,0,8.05,S
1193,3rd,male,28.0,0,0,7.725,Q
1194,3rd,male,28.0,0,0,7.8958,S
1195,3rd,male,28.0,0,0,7.75,Q
1196,3rd,male,29.0,0,0,9.5,S
1197,3rd,male,28.0,0,0,15.1,S
1198,3rd,female,28.0,0,0,7.7792,Q
1199,3rd,male,28.0,0,0,8.05,S
1200,3rd,male,28.0,0,0,8.05,S
1201,3rd,male,22.0,0,0,7.2292,C
1202,3rd,male,28.0,0,0,8.05,S
1203,3rd,male,40.0,0,0,7.8958,S
1204,3rd,male,21.0,0,0,7.925,S
1205,3rd,female,18.0,0,0,7.4958,S
1206,3rd,male,4.0,3,2,27.9,S
1207,3rd,male,10.0,3,2,27.9,S
1208,3rd,female,9.0,3,2,27.9,S
1209,3rd,female,2.0,3,2,27.9,S
1210,3rd,male,40.0,1,4,27.9,S
1211,3rd,female,45.0,1,4,27.9,S
1212,3rd,male,28.0,0,0,7.8958,S
1213,3rd,male,28.0,0,0,8.05,S
1214,3rd,male,28.0,0,0,8.6625,S
1215,3rd,male,28.0,0,0,7.75,Q
1216,3rd,female,28.0,0,0,7.7333,Q
1217,3rd,male,19.0,0,0,7.65,S
1218,3rd,male,30.0,0,0,8.05,S
1219,3rd,male,28.0,0,0,8.05,S
1220,3rd,male,32.0,0,0,8.05,S
1221,3rd,male,28.0,0,0,7.8958,S
1222,3rd,male,33.0,0,0,8.6625,C
1223,3rd,female,23.0,0,0,7.55,S
1224,3rd,male,21.0,0,0,8.05,S
1225,3rd,male,60.5,0,0,,S
1226,3rd,male,19.0,0,0,7.8958,S
1227,3rd,female,22.0,0,0,9.8375,S
1228,3rd,male,31.0,0,0,7.925,S
1229,3rd,male,27.0,0,0,8.6625,S
1230,3rd,female,2.0,0,1,10.4625,S
1231,3rd,female,29.0,1,1,10.4625,S
1232,3rd,male,16.0,0,0,8.05,S
1233,3rd,male,44.0,0,0,7.925,S
1234,3rd,male,25.0,0,0,7.05,S
1235,3rd,male,74.0,0,0,7.775,S
1236,3rd,male,14.0,0,0,9.225,S
1237,3rd,male,24.0,0,0,7.7958,S
1238,3rd,male,25.0,0,0,7.7958,S
1239,3rd,male,34.0,0,0,8.05,S
1240,3rd,male,0.4167,0,1,8.5167,C
1241,3rd,male,28.0,1,0,6.4375,C
1242,3rd,male,28.0,0,0,6.4375,C
1243,3rd,male,28.0,0,0,7.225,C
1244,3rd,female,16.0,1,1,8.5167,C
1245,3rd,male,28.0,0,0,8.05,S
1246,3rd,male,28.0,1,0,16.1,S
1247,3rd,female,28.0,1,0,16.1,S
1248,3rd,male,32.0,0,0,7.925,S
1249,3rd,male,28.0,0,0,7.75,Q
1250,3rd,male,28.0,0,0,7.8958,S
1251,3rd,male,30.5,0,0,8.05,S
1252,3rd,male,44.0,0,0,8.05,S
1253,3rd,male,28.0,0,0,7.2292,C
1254,3rd,male,25.0,0,0,0.0,S
1255,3rd,male,28.0,0,0,7.2292,C
1256,3rd,male,7.0,1,1,15.2458,C
1257,3rd,female,9.0,1,1,15.2458,C
1258,3rd,female,29.0,0,2,15.2458,C
1259,3rd,male,36.0,0,0,7.8958,S
1260,3rd,female,18.0,0,0,9.8417,S
1261,3rd,female,63.0,0,0,9.5875,S
1262,3rd,male,28.0,1,1,14.5,S
1263,3rd,male,11.5,1,1,14.5,S
1264,3rd,male,40.5,0,2,14.5,S
1265,3rd,female,10.0,0,2,24.15,S
1266,3rd,male,36.0,1,1,24.15,S
1267,3rd,female,30.0,1,1,24.15,S
1268,3rd,male,28.0,0,0,9.5,S
1269,3rd,male,33.0,0,0,9.5,S
1270,3rd,male,28.0,0,0,9.5,S
1271,3rd,male,28.0,0,0,9.5,S
1272,3rd,male,47.0,0,0,9.0,S
1273,3rd,female,18.0,2,0,18.0,S
1274,3rd,male,31.0,3,0,18.0,S
1275,3rd,male,16.0,2,0,18.0,S
1276,3rd,female,31.0,1,0,18.0,S
1277,3rd,male,22.0,0,0,7.225,C
1278,3rd,male,20.0,0,0,7.8542,S
1279,3rd,female,14.0,0,0,7.8542,S
1280,3rd,male,22.0,0,0,7.8958,S
1281,3rd,male,22.0,0,0,9.0,S
1282,3rd,male,28.0,0,0,8.05,S
1283,3rd,male,28.0,0,0,7.55,S
1284,3rd,male,28.0,0,0,8.05,S
1285,3rd,male,32.5,0,0,9.5,S
1286,3rd,female,38.0,0,0,7.2292,C
1287,3rd,male,51.0,0,0,7.75,S
1288,3rd,male,18.0,1,0,6.4958,S
1289,3rd,male,21.0,1,0,6.4958,S
1290,3rd,female,47.0,1,0,7.0,S
1291,3rd,male,28.0,0,0,8.7125,S
1292,3rd,male,28.0,0,0,7.55,S
1293,3rd,male,28.0,0,0,8.05,S
1294,3rd,male,28.5,0,0,16.1,S
1295,3rd,male,21.0,0,0,7.25,S
1296,3rd,male,27.0,0,0,8.6625,S
1297,3rd,male,28.0,0,0,7.25,S
1298,3rd,male,36.0,0,0,9.5,S
1299,3rd,male,27.0,1,0,14.4542,C
1300,3rd,female,15.0,1,0,14.4542,C
1301,3rd,male,45.5,0,0,7.225,C
1302,3rd,male,28.0,0,0,7.225,C
1303,3rd,male,28.0,0,0,14.4583,C
1304,3rd,female,14.5,1,0,14.4542,C
1305,3rd,female,28.0,1,0,14.4542,C
1306,3rd,male,26.5,0,0,7.225,C
1307,3rd,male,27.0,0,0,7.225,C
1308,3rd,male,29.0,0,0,7.875,S
